n,kmer_serial_s,kmer_2w_s,kmer_4w_s,speedup_4w,faidx_build_s,fetch_ms_per_query
50000,0.0507,0.1598,0.0509,1.0,0.00033,0.0153
200000,0.2051,0.1606,0.1856,1.1,0.0008,0.0201
500000,0.5071,0.3162,0.24,2.11,0.00184,0.034
